<?xml version="1.0" encoding="UTF-8" standalone="yes"?>
<addon id="plugin.video.ARNO-Tugalista" name="ARNO-Tugalista" version="0.0.1" provider-name="ARNO">
	<requires>
    <import addon="xbmc.python" version="2.1.0"/>
	<import addon="script.module.beautifulsoup" version="3.2.1"/>
  </requires>
  <extension point="xbmc.python.pluginsource" library="addon.py">
    <provides>video</provides>
  </extension>
  <extension point="xbmc.addon.metadata">
    <language>en</language>
    <platform>all</platform>
    <summary lang="en">assista tv Portuguesa ao vivo</summary>
    <description lang="en">nao transmito nenhum stream. Tudo o que se encontra aqui esta ao alcance de qualquer um na internet!</description>
    <platform>all</platform>
  </extension>
</addon>
